case_number,date,received,dispatched,arrived,cleared,type,grid_location,location,address,observed_crime,responsible_officer,units,description,call_comments,clearance_code
210914012,09/14/21,07:08,07:12,07:23,,Suspicious,PN9,J-14,2994 HIGUERA S; SHADY LANE MHP;,,"Marx, C","4267,4265
",(MDC) Completed call incid#=210914012 call=19l,MALE YELLING AND TALKING TO HIMSELF W/ MACHETE UNDER HIS ARM,No Report
210914013,09/14/21,07:30,,07:31,,9-1-1 ABANDON,PN13,,,,"Lichty, S","COM1
",incid#=210914013 Completed call disp:NR clr:NR call=20l,OPEN LINE W/ NOTHING HEARD,
210914014,09/14/21,07:39,,08:14,,Disorderly,PN12,"I-16, San Luis",3860 HIGUERA S # D29;,Trespassing,"Sisemore, P","4265,4257,42K1,4225
",(MDC) Completed call incid#=210914014 call=21l,TRANSIENT MALE YELLING AND THROWING ROCKS AT THE CREEK ACCESS BEH,Gone on Arrival
210914015,09/14/21,07:48,,07:48,,Trespassing,PN2,"J-07, San Luis",190 SANTA ROSA; SRP;,,"Behrens, J","4205,4218
",(MDC) Completed call incid#=210914015 call=22l,"08:05:45 09/14/2021 - Behrens, J",Report Approved/
210914016,09/14/21,07:54,07:55,07:58,,COLL INJ,PN6,"L-09, San Luis Obispo",TORO & BUCHON;,,"Amaya, F","4257,4265,42K1
",incid#=210914016 Completed call clr:RTF call=24l,ZZZZZZZZZ,Report To Follow
210914017,09/14/21,08:08,,,,9-1-1 ABANDON,LZ0,"652 G 7, SL",4200 BLK PREFUMO CANYON;,,,"SLSO
",,"2 CALLS ON 911 AT SAME TIME FROM SAME NUMBER, JUST HEARD BUZZING",No Report
210914018,09/14/21,08:28,08:33,08:42,,Trespassing,PN6,,,,"Marx, C","4267,4225
",(MDC) Completed call incid#=210914018 call=27l,"BLUE TENT ON CREEK SIDE OF THE WALL, UNDER SYCAMORE TREE AND NEXT",
210914019,09/14/21,08:40,,08:42,,ABAND VEHICLE,PN7,"O-17, San Luis",SPANISH OAKS & ALDER;,,"Lichty, S","COM1
",incid#=210914019 Completed call clr:RTF call=29l,ON SPANISH OAKS - GRY CONVERSION VAN L/8WKN551,Report To Follow
210914020,09/14/21,08:53,08:57,09:08,,Disorderly,PN8,"H-15, San Luis Obispo,",1892 HUASNA;,,"Stevens, J","4265,4205,4225
",(MDC) Completed call incid#=210914020 call=30l,ROOMMATE 415,No Report
210914021,09/14/21,09:08,,09:31,,Deceased Subj,PN9,,3057 HIGUERA S; CHUMASH VILLAGE MHP;,"Fire, Medical Emergency","Stevens, J","4265
",incid#=210914021 Completed call clr:RTF call=33l,ZZZZZZ,Report To Follow
210914022,09/14/21,09:34,09:38,09:53,,Suspicious,PN9,"I-15, San Luis Obispo, CA",34 ZACA;,Suspicious Person/Circumstance,"Behrens, J","4205,4267
",(MDC) Completed call incid#=210914022 call=34l,3RD HAND TO RP - 5 AGO A TRANSIENT MALE CARRYING KNIFE FORCED OPE,Gone on Arrival
210914023,09/14/21,09:40,09:50,,,Trespassing,PN6,K-09,1310 OSOS; REAL ESTATE NETWORK;,,"Lichty, S","COM1
",incid#=210914023 CANCELLED BY RP disp:CAN clr:CAN call=36l,MALE CAMPED OUT AT THE GATE GOING UP THE STAIRS,Call Cancelled
210914024,09/14/21,09:43,,09:44,,9-1-1 ABANDON,PN3,"L-08, San Luis",1422 MONTEREY # C100;,,"Lichty, S","COM1
",incid#=210914024 Completed call disp:NR clr:NR call=37l,IMMED DISCONNECT,No Report
210914025,09/14/21,09:47,09:54,09:58,,Suspicious,PN6,,,,"Sisemore, P","4257,,4225
",(MDC) Completed call incid#=210914025 call=38l,PD FRONT PORCH,
210914026,09/14/21,09:51,,12:36,,BURG COM,PN3,"L-07,",2001 MONTEREY; PEACH TREE INN;,"Burglary, Non-res, Forcibl Ent","Bravo, D","4250
",(MDC) Completed call incid#=210914026 call=39l,"10-21 RP TO START, SHE IS NOT ON PROPERTY",Report To Follow
210914027,09/14/21,09:56,,09:58,,ABAND VEHICLE,PN6,"J-10, San Luis Obis",1200 BLK CARMEL;,,"Lichty, S","COM1
",incid#=210914027 Completed call clr:RTF call=42l,NEW CONSTRUCTION AT CARMEL/MARSH,Report To Follow
210914028,09/14/21,10:00,,10:11,,Assist Req,PN6,"K-11, San Luis Obispo,",HIGH & BROAD;,,"Behrens, J","4205
",(MDC) Completed call incid#=210914028 call=44l,TRANSFORMER CRACKLING AND THE TOP IS TURNING BLACK,No Report
210914029,09/14/21,10:02,10:07,10:27,,Recovered Veh,PN12,I-1,131 SUBURBAN; HANSON AGGREGATES;,Recovered Stolen Vehicle,"Marx, C","4267
",(MDC) Completed call incid#=210914029 call=45l,PARKED 150 FT DOWN LONG DIRT DRIVEWAY OFF OF SUBURBAN BTWN AIR VO,Assist Other Age
210914030,09/14/21,10:10,10:20,10:26,,Theft,PN2,"J-05, San Luis Ob",114 MUSTANG # 303;,Theft of Property,"Behrens, J","4205
",(MDC) Completed call incid#=210914030 call=46l,PD LOBBY,Report Approved/
210914031,09/14/21,10:13,,10:20,,9-1-1 ABANDON,PN2,,1010 MURRAY; SIERRA VISTA HOSPITAL;,,"Heath, T","COM8
",incid#=210914031 Completed call disp:NR clr:NR call=47l,"IMMEDIATE HANG UP. ON CB, PH # CALLS OFC IN TEMPLETON",No Report
210914032,09/14/21,10:27,10:49,11:08,,Assist Req,PN6,"K-11, San Lui",784 HIGH; TRANSITIONS;,,"Amaya, F","4257,4265
",(MDC) Completed call incid#=210914032 call=48l,,No Report
210914033,09/14/21,10:31,,10:32,,ABAND VEHICLE,PN9,"J-14, San Lui",HIGUERA S & MARGARITA;,,"Lichty, S","COM1
",incid#=210914033 Completed call clr:RTF call=49l,"TURQ WHI VINTAGE DODGE TRUCK, DRIVERS SIDE DMG",Report To Follow
210914034,09/14/21,10:32,10:36,11:10,,Theft,PN2,,,,"Molina, C","4244
",(MDC) Completed call incid#=210914034 call=50l,10-21,
210914035,09/14/21,10:43,,11:22,,Theft-Vehicle,PN8,"G-14, San Luis Obis",1154 ATASCADERO;,Theft of Vehicle,"Molina, C","4244
","incid#=210914035 Reassigned to call 64l, completed call 51l",PD LOBBY,Report To Follow
210914036,09/14/21,10:59,11:02,11:06,,Welfare Check,PN1,"J-08, San Luis Obispo, C",1042 OLIVE;,,"Sisemore, P","4225,S4
",(MDC) Completed call incid#=210914036 call=52l,"TRANS SUBJ THROWING TRASH EVERYWHERE, 415 WITH SELF. RP THINKS TH",No Report
210914037,09/14/21,11:01,,13:06,,Vandalism,PN6,"K-10, San Luis Obispo, CA",720 ISLAY;,,"Bravo, D","4250
",(MDC) Completed call incid#=210914037 call=53l,10-21 RP,No Report
210914038,09/14/21,11:13,,11:13,,9-1-1 ABANDON,PN5,,,,"Heath, T","COM8
",incid#=210914038 Completed call disp:NR clr:NR call=55l,MALE STAYED ON TO ADVS ACCIDENTAL,
210914039,09/14/21,11:11,11:15,11:25,,Traffic Offense,PN2,"L-06, San L",145 GRAND; TEACH SCHOOL;,Traffic Offense,"Alexander, D","4212
",(MDC) Completed call incid#=210914039 call=54l,"HAVING TRAFFIC ISSUES W/ CAL POLY MOVE IN DAY, SPECIFICALLY CONCE",No Report
210914040,09/14/21,11:15,,11:16,,9-1-1 ABANDON,PN1,"I-06, San Luis Obis",142 TASSAJARA N;,,"Lichty, S","COM1
",incid#=210914040 Completed call disp:NR clr:NR call=56l,"CALLER STILL HAVING ISSUES, C4",No Report
210914041,09/14/21,11:17,11:20,11:24,,COLL INJ,PN11,"M-15, San Luis O",BROAD & INDUSTRIAL;,,"Sisemore, P","4225,4205,42K1
",incid#=210914041 Completed call clr:RTF call=58l,UPGRADING TO LOCAL 1 MCI,Report To Follow
210914042,09/14/21,11:17,,11:41,,9-1-1 ABANDON,PN6,"K-11, San Lui",784 HIGH; TRANSITIONS;,,"Stevens, J","4265
",incid#=210914042 Completed call disp:NR clr:NR call=57l,"11:22:15 09/14/2021 - Heath, T",No Report
210914043,09/14/21,11:20,,12:15,,MC-CAMPING,PN6,"L-09, San Lui",1502 JOHNSON; REAR OF;,,"Koznek, T.","4218
",(MDC) Completed call incid#=210914043 call=59l,SAME ENCAMPMENT FROM YESTERDAY IS STILL A PROBLEM,No Report
210914044,09/14/21,11:25,11:29,11:35,,COLL INJ,PN13,"I-12, San Luis Obi",OVERPASS MADONNA;,,"Magana, M","4238,4218,S4,4265
",incid#=210914044 Completed call clr:RTF call=60l,ZZZZZZZZ,Report To Follow
210914045,09/14/21,11:32,11:42,11:57,,Welfare Check,PN13,,,,"Stevens, J","4265,4257,4218
",(MDC) Completed call incid#=210914045 call=61l,"C2 PD ALSO RESPONDING, DETOX",
210914046,09/14/21,11:37,12:18,12:44,,Vandalism,PN5,"J-10, San Luis Obispo,",560 HIGUERA;,Destruct/Damage/Vandalize Prop,"Amaya, F","4257
",(MDC) Completed call incid#=210914046 call=63l,1198 BUSN,Report To Follow
210914047,09/14/21,12:16,,12:16,,9-1-1 ABANDON,PN5,K-0,976 OSOS; COUNTY COURTHOUSE OLD;,,"Lichty, S","COM1
",incid#=210914047 Completed call disp:NR clr:NR call=65l,IMMEDIATE DISCONNECT,No Report
210914048,09/14/21,12:33,,14:54,,Parking Problem,PN2,"K-07, San Luis Obispo, CA",567 ELLEN;,Parking Problem,"Barrett, J","42K1
",(MDC) Completed call incid#=210914048 call=67l,VEH PARKED PERPENDICULAR TO CURB,Gone on Arrival
210914049,09/14/21,12:34,12:36,12:40,,COLL EXTRICATIO,PN6,"K-09, San Luis Obisp",PACIFIC & OSOS;,"Traffic Accident, Pers Injury","Marx, C","4267,4265,4225,S4
",(MDC) Completed call incid#=210914049 call=68l,ZZZZZZZZZ,Report To Follow
210914050,09/14/21,12:42,,12:54,,Suspicious,PN12,"I-17, San Luis",HIGUERA S & SUBURBAN;,"Assault, Other Weapon","Amaya, F","4205,4267,4257
",(MDC) Completed call incid#=210914050 call=70l,"POSS ROADRAGE? RP SAW VEH CHASING MAN RUNNING ON FOOT, HIT OTHER",Report To Follow
210914051,09/14/21,12:58,,12:59,,9-1-1 ABANDON,PN13,,1460 CALLE JOAQUIN; QUIKY CAR WASH;,,"Lichty, S","COM1
","incid#=210914051 Reassigned to call 72l, completed call 71l",IMMEDIATE DISCONNECT,No Report
210914052,09/14/21,13:01,,13:04,,Information,PN5,"K-09, San",989 CHORRO; MISSION PLAZA;,,"Lichty, S","COM1
",incid#=210914052 Completed call disp:NR clr:NR call=72l,"THERE IS A MALE YELLING MEAN THINGS IN THE PLAZA, INFO ONLY AT TH",No Report
210914053,09/14/21,13:11,13:21,13:23,,Loitering,PN6,"K-10, San Luis Obispo, CA",875 ISLAY;,,"Stevens, J","4265
",(MDC) Completed call incid#=210914053 call=74l,AREA CHECK,No Report
210914054,09/14/21,13:19,,13:19,,Towed Vehicle,PN1,I,555 WESTMONT; ELDORADO APARTMENTS;,,"Lichty, S","COM1
",incid#=210914054 ENT SVS - MARTINS PP disp:NR clr:NR call=75l,WHI FORD FOCUS L/8ROP732,No Report
210914055,09/14/21,13:22,13:35,13:41,,Sex Offense,PN10,"L-14, San Luis Obi",3200 BLK BROAD;,Assist Other Agency,"Alexander, D","4265,4212,S4
",(MDC) Completed call incid#=210914055 call=76l,,Assist Other Age
210914056,09/14/21,13:26,,13:26,,Towed Vehicle,PN5,"K-09, San",1020 MARSH; MERRIL LYNCH;,,"Lichty, S","COM1
","incid#=210914056 Reassigned to call 80l, completed call 79l",BLU BMW 3 SERIES L/7AEV962,No Report
210914057,09/14/21,13:27,,13:29,,Information,PN10,"K-12, San Luis Obisp",2221 KING # 20;,,"Lichty, S","COM1
",incid#=210914057 Completed call disp:NR clr:NR call=80l,INFO ONLY,No Report
210914058,09/14/21,13:24,13:31,13:42,,Fire Vehicle,PN11,"L-13, San Luis Obisp",BROAD & ORCUTT;,,"Koznek, T.","4218
",(MDC) Completed call incid#=210914058 call=78l,ZZZZZZZ,No Report
210914059,09/14/21,13:30,13:40,13:44,,Loitering,PN5,"J-10, San Luis Obispo,",408 HIGUERA;,,"Stevens, J","4265,4225
",(MDC) Completed call incid#=210914059 call=82l,MALE & FEMALE IN SLEEPING BAG AT THE TOP OF THE STAIRS,No Report
210914060,09/14/21,13:28,13:41,13:47,,Elder Abuse/Neg,PN7,"M-12,",3000 AUGUSTA; JUDSON TERRACE;,Elder Abuse/Neglect,"Bravo, D","4250
",(MDC) Completed call incid#=210914060 call=90l,*REOPENED CALL*,Report To Follow
210914061,09/14/21,13:45,,13:48,,ABAND VEHICLE,PN10,"L-13, San Luis Obispo,",755 LAWRENCE;,,"Heath, T","COM8
","incid#=210914061 Reassigned to call 86l, completed call 83l",VEH 1/GRN DODGE MINI VAN ID/2TAD627,Report To Follow
210914062,09/14/21,13:47,14:06,14:07,,Suspicious,PN2,"J-07,",254 SANTA ROSA; CONSERV FUEL;,,"Marx, C","4265,4267
",incid#=210914062 Completed call disp:NR clr:UTL call=84l,MALE CURRENTLY SITTING ON BENCH SR/OAK SIDE,Unable to Locate
210914063,09/14/21,13:51,,13:51,,9-1-1 ABANDON,PN7,,1941 JOHNSON; PACIFIC MEDICAL PLAZA;,,"Heath, T","COM8
",incid#=210914063 Completed call disp:NR clr:NR call=86l,IMMEDIATE HANG UP,No Report
210914064,09/14/21,13:56,,13:56,,9-1-1 ABANDON,PN8,"G-14; U:110, San Luis Ob",11398 LOVR;,,"Lichty, S","COM1
",,"STAYED ON LINE, ACCIDENTAL",No Report
210914065,09/14/21,13:56,14:04,14:30,,Assist O Police,PN6,"J-10, San Luis Obis",562 PACIFIC # E;,,"Rouse, Q","4232
",(MDC) Completed call incid#=210914065 call=88l,,No Report
210914066,09/14/21,14:15,,14:16,,9-1-1 ABANDON,PN5,,,,"Lichty, S","COM1
",incid#=210914066 Completed call disp:NR clr:NR call=89l,"IMMEDIATE DISCONNECT, PHN NUMBER DID NOT DOWNLOAD INTO PHONE SYST",
210914067,09/14/21,14:28,,14:28,,Towed Vehicle,PN3,"L-07, Sa",1701 MONTEREY; COLLEGE TOW;,,"Lichty, S","COM1
",incid#=210914067 ENT SVS - REPO disp:NR clr:NR call=91l,WHI 13 NISS ROGUE - OWNER AWARE REPO,No Report
210914068,09/14/21,14:29,,14:36,,Traffic Offense,PN1,,,,"Heath, T","COM8
",incid#=210914068 Completed call disp:NR clr:NR call=92l,23103 CVC,
210914069,09/14/21,14:47,,14:48,,9-1-1 ABANDON,PN10,,,,"Lichty, S","COM1
",incid#=210914069 Completed call disp:NR clr:NR call=93l,IMMEDIATE DISCONNECT,
210914070,09/14/21,14:48,,14:50,,9-1-1 ABANDON,PN1,,888 FOOTHILL; UNIVERSITY BARBERSHOP;,,"Lichty, S","COM1
","incid#=210914070 Reassigned to call 95l, completed call 94l",IMMEDIATE DISCONNECT,No Report
210914071,09/14/21,14:51,,14:52,,9-1-1 ABANDON,PN5,,,,"Lichty, S","COM1
",,ACCIDENTAL,
210914072,09/14/21,14:50,,14:57,,COLL NON INJ,PN3,"K-07, San Luis",675 CALIFORNIA; CHP;,,"Lichty, S","COM1
",incid#=210914072 TOT CHP disp:NR clr:NR call=95l,OUT OF ROAD ON CAL,No Report
210914073,09/14/21,14:58,,14:59,,Theft,PN4,"L-09, San Luis",1499 SAN LUIS; SLOHS;,"Theft, Property, Other","Alexander, D","4212
",(MDC) Completed call incid#=210914073 call=97l,,Report To Follow
210914074,09/14/21,15:01,15:05,15:11,,Trespassing,PN6,"K-09, San Luis Obispo, CA",1115 TORO;,,"Behrens, J","4205
",(MDC) Completed call incid#=210914074 call=98l,TRANSIENT MALE ON STAIRS NEXT TO PORCH,No Report
210914075,09/14/21,15:03,15:15,15:29,,NOISE POLICE,PN3,"L-06, San Luis Obispo, CA",410 GRAND;,,"Sisemore, P","4225,4238
",(MDC) Completed call incid#=210914075 call=100l,LOUD VOICES & MUSIC,Negative Violati
210914076,09/14/21,15:02,,15:43,,Found Property,PN5,"J-10, San L",581 HIGUERA; PB COMPANY;,Lost or Found Property,"Barrett, J","42K1
",(MDC) Completed call incid#=210914076 call=99l,"FOUND HEROIN NEEDLE, HAS NO WAY TO DISPOSE",No Report
210914077,09/14/21,15:04,,15:05,,9-1-1 ABANDON,PN8,,,,"Lichty, S","COM1
",incid#=210914077 Completed call disp:NR clr:NR call=101l,ABAN 911,
210914078,09/14/21,15:06,,15:08,,COLL NON INJ,PN2,"K-08, San Luis Ob",SANTA ROSA & PALM;,,"Barrett, J","42K1
",incid#=210914078 Completed call disp:NR clr:NR call=103l,ONE VEH ON SROSA DISABLED - GRY TOYT SEDAN,No Report
210914079,09/14/21,15:14,,15:15,,9-1-1 ABANDON,PN7,"N-13, S",1425 WOODSIDE; MISSION VIEW;,,"Lichty, S","COM1
",incid#=210914079 Completed call disp:NR clr:NR call=104l,"CALLER STAYED ON THE LINE, THEY WERE TRYING TO CALL THE JAIL AND",No Report
210914080,09/14/21,15:39,15:40,15:44,,Suspicious,PN10,"J-12, San Luis",205 SOUTH; RAINSCAPE;,,"Behrens, J","4205,4257,4267
",incid#=210914080 Completed call clr:RTF call=105l,SOUTH TURNING ONTO HIGUERA,Report To Follow
210914081,09/14/21,15:44,16:03,16:15,,9-1-1 ABANDON,PN11,"N-15, San Luis Ob",945 BOUGAINVILLEA;,False 9-1-1 / Abandoned,"Amaya, F","COM1,,4265,4267
",(MDC) Completed call incid#=210914081 call=106l,"OPEN LINE, FEMALE TALKING ABOUT SON GUARDING THE DOOR,",No Report
210914082,09/14/21,15:51,15:53,15:59,,Suicide Attempt,PN8,F-14; GRI,11335 LOS OSOS VALLEY # G;,Mental Health,"Stevens, J","4265,4267,S4,4225
",incid#=210914082 Completed call clr:RTF call=107l,,Report To Follow
210914083,09/14/21,16:01,16:09,16:11,,Trespassing,PN8,"G-14, San Lui",1527 GALLEON; NEXT TO;,,"Sisemore, P","4225,S4
",(MDC) Completed call incid#=210914083 call=109l,MALE CAMPED OUT SIDEWALK REFUSING TO LEAVE,No Report
210914084,09/14/21,16:01,16:07,16:28,,Citizen Dispute,PN10,"K-14, San Luis Obi",391 SAN VINCENZO;,Citizen Dispute,"Molina, C","4244
",(MDC) Completed call incid#=210914084 call=108l,"10-21, OCC 1500 HRS THIS DATE",Report To Follow
210914085,09/14/21,16:12,,16:13,,9-1-1 ABANDON,PN5,J-09;,751 PALM; OLD MISSION CHURCH;,,"Lichty, S","COM1
",incid#=210914085 Completed call disp:NR clr:NR call=111l,"FUMBLING SOUNDS, DISCONNECT",No Report
210914086,09/14/21,16:22,16:27,16:29,,Disorderly,PN10,J-,101 BRIDGE; OLD MISSION CEMETERY;,Disorderly Conduct,"Behrens, J","4257,4205
",(MDC) Completed call incid#=210914086 call=112l,MALE & FEM 415 VERBAL BY THE ENTRANCE,Gone on Arrival
210914087,09/14/21,16:40,,17:21,,Loitering,PN5,"J-09, San Luis Obispo,",614 MONTEREY;,,"Sisemore, P","4225
",(MDC) Completed call incid#=210914087 call=113l,TRANSIENT FEMALES HANGING OUT AT ABAN HOUSE ALL DAY,No Report
210914088,09/14/21,16:57,,16:57,,ABAND VEHICLE,PN8,"G-13,",1375 BALBOA; CL SMITH SCHOOL;,,"Lichty, S","COM1
",incid#=210914088 Completed call clr:RTF call=114l,UHAUL VAN PARKED IFO THE SCHOOL,Report To Follow
210914089,09/14/21,17:21,,17:21,,9-1-1 ABANDON,PN2,"K-07, San Luis Obispo, CA",1340 TAFT;,,"Lichty, S","COM1
",incid#=210914089 Completed call disp:NR clr:NR call=115l,IMMEDIATE DISCONNECT,No Report
210914090,09/14/21,18:18,18:21,18:28,,Suspicious,PN2,"K-07, San Luis Ob",CALIFORNIA & TAFT;,,"Marx, C","4267,4265
",(MDC) Completed call incid#=210914090 call=118l,75 YRDS SOUTH OF THE CHP OFFICE,No Report
210914091,09/14/21,18:32,,18:32,,9-1-1 ABANDON,PN4,"M-09; U:110, San Luis O",1614 LIZZIE;,,"Lichty, S","COM1
",incid#=210914091 Completed call disp:NR clr:NR call=119l,OPEN LINE THEN BLASTING MUSIC,No Report
210914092,09/14/21,18:56,,18:59,,ABAND VEHICLE,PN1,"I-04, San Luis Obispo,",530 WESTMONT;,Abandoned Vehicle,"Mercer, K","COM6
",incid#=210914092 Completed call clr:RTF oc:ABAN call=121l,GRY BOAT ON TRAILER,Report To Follow
210914093,09/14/21,18:59,,19:03,,Alarm Audible,PN11,,,,"Mercer, K","COM6
",incid#=210914093 Completed call disp:CAN clr:CAN call=123l,FRONT DOOR,
210914094,09/14/21,19:06,,19:09,,Public Works,PN7,"N-15, San L",TWIN CREEK & BETTENFORD;,,"Mercer, K","COM6
",incid#=210914094 Completed call disp:NR clr:NR,WATER PIPE BROKEN,No Report
210914095,09/14/21,19:12,19:13,19:21,,Alarm Audible,PN5,"K-09, San",887 HIGUERA; ANTHROPOLOGY;,,"Warner, H","4260,4261
",incid#=210914095 Completed call disp:CAN clr:CAN call=126l,REAR MOTION,Call Cancelled
210914096,09/14/21,19:10,,19:16,,Assist Req,PN2,"K-07, San Luis Obis",1340 TAFT # 124;,,"Mercer, K","COM6
",incid#=210914096 Completed call disp:NR clr:NR call=125l,RP REQING EXTRA PATROL TONIGHT,No Report
210914097,09/14/21,19:25,,19:26,,9-1-1 ABANDON,PN5,,,,"Mercer, K","COM6
",incid#=210914097 Completed call disp:NR clr:NR call=127l,"OPEN LINE THEN DISCONNECTED, CB NOW",
210914098,09/14/21,19:27,19:31,19:46,,Noise Party,PN6,"K-10, San Luis Obispo, C",726 BUCHON;,Noise Party,"Mangskau, N","P1,P1
","(MDC) DAC- ADRIAN, RYANN MICHELLE. 30, NO ALC, CP. incid#=210914098",PPX,Disturbance Adv
210914099,09/14/21,19:50,,19:52,,9-1-1 ABANDON,PN5,,,,"Mercer, K","COM6
",incid#=210914099 Completed call disp:NR clr:NR call=129l,"IMMEDIATE HANG UP, CB NOW",
210914100,09/14/21,20:04,,20:04,,Traffic Stop,PN6,"K-11, San L",LEFF & BROAD; GRID K-10;,,"Pelletier, J","4253,4259
",(MDC) Completed call incid#=210914100 call=130l,"20:09:33 09/14/2021 - Pelletier, J",Field Interview
210914101,09/14/21,20:23,20:26,20:29,,DUI,PN13,"G-15, San",1540 FROOM RANCH; COSTCO;,,"Peck, D","4259,4246
",incid#=210914101 Completed call disp:NR clr:NR call=132l,CODE 2 PER PD ON SCENE FOR ALCOHOL DETOX AT COSTCO ENTRANCE,No Report
210914102,09/14/21,20:25,20:27,20:36,,Noise Party,PN7,"N-13, San Luis Obispo",1370 WOODSIDE;,,"Mangskau, N","P1,P1
",(MDC) Completed call incid#=210914102 call=133l,LOUD PARTY SINCE THIS AFTERNOON,Negative Violati
210914103,09/14/21,20:26,20:32,20:40,,Suspicious,PN6,,1940 SANTA BARBARA; RAILROAD MUSEUM;,,"Pelletier, J","4253,4206
",(MDC) Completed call incid#=210914103 call=134l,,No Report
210914104,09/14/21,20:37,20:39,20:53,,Public Works,PN12,"I-17, San Luis Obi",SUBURBAN & SHORT;,,"Warner, H","4260,4261
",incid#=210914104 TOT STREETS disp:NR clr:NR call=135l,ON SUBURBAN,No Report
210914105,09/14/21,20:50,21:00,21:07,,Noise Other,PN11,"M-14, S",ROCKVIEW & BROAD; GRID L-14;,Noise Other,"Newton, J","4246
",(MDC) Completed call incid#=210914105 call=136l,LOUD VEHS- UNK ADDR,Quiet on Arrival
210914106,09/14/21,21:08,21:09,21:15,,Noise Party,PN2,"K-06, San Luis Obispo,",136 STENNER;,,"Mangskau, N","P1,P1
",(MDC) Completed call incid#=210914106 call=137l,PPX,Negative Violati
210914107,09/14/21,21:10,,21:11,,9-1-1 ABANDON,PN5,,,,"Mercer, K","COM6
",incid#=210914107 Completed call disp:NR clr:NR call=138l,"FEMALE STAYED ON PH, ACCIDENTAL",
210914108,09/14/21,21:14,,21:17,,Noise Party,PN1,"I-06, San Luis Obi",49 PALOMAR # 103;,,"Mangskau, N","P1,P1
","(MDC) DAC- MARTIN, JULIE JACQUELINE. 5, NO ALC, CP. incid#=210914108",LOUD MUSIC AND LOUD PEOPLE YELLING,Disturbance Adv
210914109,09/14/21,21:14,21:19,21:56,,Assist Req,PN2,"K-08, San Luis Obi",721 JOHNSON # 68;,Citizen Assist,"Stahnke, A","4206
",(MDC) Completed call incid#=210914109 call=139l,1198 RP IN PD LOBBY,No Report
210914110,09/14/21,21:37,,21:38,,9-1-1 ABANDON,PN5,,,,"Mercer, K","COM6
",incid#=210914110 Completed call disp:NR clr:NR call=141l,"IMMEDIATE HANG UP, CB NOW",
210914111,09/14/21,22:27,,22:28,,9-1-1 ABANDON,PN5,,,,"Mercer, K","COM6
",incid#=210914111 Completed call disp:NR clr:NR call=142l,"OPEN LINE, SOUNDS LIKE POCKET DIAL, MAYBE SOMEONE WALKING",
210914112,09/14/21,23:00,,23:01,,9-1-1 ABANDON,PN5,,,,"Owens, J","COM5
",incid#=210914112 Completed call disp:NR clr:NR call=144l,CALLER STAYED ON THE LINE AND ADVISED ACCIDENTAL,
210914113,09/14/21,23:06,,23:07,,9-1-1 ABANDON,PN5,,,,"Mercer, K","COM6
",incid#=210914113 Completed call disp:NR clr:NR call=146l,"OPEN LINE, NOTHING HEARD",
210914114,09/14/21,23:27,23:30,23:37,,Suspicious,PN9,"J-14, San Luis Obispo",335 MARGARITA;,,"Bracy, B","4261,4253
",incid#=210914114 Completed call disp:NR clr:GOA call=147l,IMMEDIATE HANG UP,Gone on Arrival
210914115,09/14/21,23:31,23:32,23:37,,Noise Party,PN5,"J-10, San Luis Obispo, CA",462 DANA;,,"Mangskau, N","P1,P1
","(MDC) DAC - DUPERLY, JAMES DAVID, 6, NEG ALC, CP incid#=210914115",LOUD MUSIC AND PEOPLE,Disturbance Adv
210915001,09/15/21,00:10,,00:14,,DUI,PN13,"H-18, San Luis Obispo,",101NOFF LOVR;,,"Owens, J","COM5
",incid#=210915001 GRN BOL disp:NR clr:NR call=1l,23152 VEH,No Report
210915002,09/15/21,00:15,00:20,00:30,,Assist Req,PN10,"K-14, San Luis Obi",391 SAN VINCENZO;,,"Stahnke, A","4206
",(MDC) Completed call incid#=210915002 call=2l,10-21 RP,No Report
210915003,09/15/21,00:28,00:29,00:31,,Disorderly,PN6,,,,"Newton, J","4246,4261,S7
",incid#=210915003 Completed call call=3l,MALE IS 415 VERBAL WITH 2 SECURITY GUARDS,
210915004,09/15/21,00:59,,00:59,,Traffic Stop,PN11,"M-14, San Luis",BAY LEAF & CHAMOMILE;,,"Peck, D","4259,4253,4261
",incid#=210915004 Completed call disp:NR clr:NR call=4l,"01:04:24 09/15/2021 - Mercer, K",No Report
210915005,09/15/21,01:47,,01:47,,DUI,PN2,"K-08, San Luis Ob",SANTA ROSA & MILL;,DUI Alcohol or Drugs,"Warner, H","4260,4261
",incid#=210915005 Completed call clr:RTF call=5l,"02:05:25 09/15/2021 - Owens, J - From: Warner, H",Report To Follow
210915006,09/15/21,02:17,,02:17,,Suspicious,PN2,"J-07,",254 SANTA ROSA; CONSERV FUEL;,,"Peck, D","4259
",(MDC) Completed call incid#=210915006 call=6l,"02:23:03 09/15/2021 - Peck, D",Field Interview
210915007,09/15/21,03:16,03:19,03:26,,Noise Party,PN2,"J-06, San Luis Obispo, CA",40 CASA;,,"Peck, D","4259,4253,4206
","incid#=210915007 CITE/AUGUSTA,JAMES 2 PPL NO SCHOOL, NO ALC disp:NR",LOUD PEOPLE,Citation
210915008,09/15/21,03:33,,03:33,,Assault,PN2,"J-06, San Luis Obispo, CA",40 CASA;,Assault,"Peck, D","4259
",incid#=210915008 Completed call clr:RTF call=8l,,Report To Follow
210915009,09/15/21,04:35,,04:35,,Suspicious,PN6,"J-11, San Luis Obispo",HIGH & BEEBEE;,,"Peck, D","4259,4253,4246,S7
","incid#=210915009 A/P RUIZ,ADRIAN 122786 WARRANT, 12022.1(a)(1), warrant,","04:35:44 09/15/2021 - Owens, J - From: Peck, D",Report To Follow
210915010,09/15/21,04:39,04:50,04:55,,Alarm Audible,PN12,M-,625 TANK FARM; SAN LUIS PAPER CO;,Alarm,"Warner, H","4260,4206
",(MDC) Completed call incid#=210915010 call=10l,REAR WAREHOUSE MOTION MATRIX MOBILE TV,ALARM MALFUNCTIO
210915011,09/15/21,05:23,05:44,05:46,,Suspicious,PN10,"K-11, San Luis",1135 ROUNDHOUSE; ECC;,,"Stahnke, A","4206
",(MDC) Completed call incid#=210915011 call=11l,"SUBJ WANDERING NEAR THE GATE, WENT BEH THE KEYPAD AND INTO THE BU",No Report
210915012,09/15/21,05:23,05:28,05:40,,Suspicious,PN12,M,645 TANK FARM; ALAMO SELF STORAGE;,,"Warner, H","4260,4206
",incid#=210915012 Completed call disp:NR clr:NR call=12l,RP PASSING BY AND SAW MALE LAYING IN DRIVEWAY WITH SOMEONE STANDI,No Report
210915013,09/15/21,06:41,07:55,,,Trespassing,PN6,K-,1160 MARSH; WELLS FARGO ADVISORS;,,"Donovan, M","4255,4238
",,TRANSIENT MALE CAMPED OUT IN DOOR WAY ON MARSH,
210915014,09/15/21,06:40,07:23,07:26,,Assist Req,PN5,,,,"Donovan, M","4255
",(MDC) Completed call incid#=210915014 call=13l,10-21,
210915015,09/15/21,07:17,07:39,07:55,,Suspicious,PN13,"I-13, San",209 MADONNA; CLUB PILATES;,Suspicious Person/Circumstance,"Sisemore, P","4225,4214
",(MDC) Completed call incid#=210915015 call=15l,BREAK IN TO UNLOCKED VEH OCCD W/IN LAST 20 MINS - OWNER OF VEH NO,Gone on Arrival
210915016,09/15/21,07:41,07:48,07:49,,Suspicious,PN1,"J-08, San Luis Obispo, C",101S BROAD;,,"Sisemore, P","4208,4205,4225
",incid#=210915016 Completed call disp:NR clr:NR call=17l,RP JUST DROVE BY,No Report
210915017,09/15/21,07:59,07:59,,,9-1-1 ABANDON,PN5,,,,"McCornack, CM","COM3
",incid#=210915017 Completed call disp:NR clr:NR oc:-911 call=18l,911 ABANDON,
210915018,09/15/21,08:13,08:16,08:21,,Theft,PN10,"J-12,",195 HIGUERA; SUNSHINE DONUTS;,Theft of Property,"Molina, C","4244
",(MDC) Completed call incid#=210915018 call=19l,OCCD AT 0200 HRS,Report Approved/
210915019,09/15/21,08:15,,08:15,,Suspicious,PN2,"J-07, San Luis",190 SANTA ROSA; SRP;,Trespassing,"Behrens, J","4205,4225
",(MDC) Completed call incid#=210915019 call=20l,"08:37:27 09/15/2021 - Behrens, J",Field Interview
210915020,09/15/21,08:30,08:41,,,Traffic Offense,PN13,"H-17, San Luis Obispo,",101SOFF LOVR;,Traffic Offense,"McCornack, CM","COM3
",incid#=210915020 Completed call disp:NR clr:NR oc:TOFF call=22l,"BLU HONDA PILOT CA/ 5VXU792 SWERVING ALL OVER THE ROADWAY, VEH EX",No Report
210915021,09/15/21,08:38,08:42,08:48,,Theft,PN10,,,,"Molina, C","4244
",(MDC) Completed call incid#=210915021 call=24l,10-21,
210915022,09/15/21,09:03,09:05,09:21,,Alarm Audible,PN12,,,,"Koznek, J","4214,4208
",incid#=210915022 Completed call disp:NR clr:EE oc:-ALM call=29l,FRONT ENTRY DOOR,
210915023,09/15/21,09:24,09:32,09:45,,Assist Req,PN3,L-08,1604 MONTEREY; LAMPLIGHTER INN;,,"Koznek, J","4214,
",(MDC) Completed call incid#=210915023 call=31l,RM 3204,No Report
210915024,09/15/21,09:31,,09:31,,Towed Vehicle,PN2,J-0,1185 FOOTHILL; PINECREEK CONDOS;,,"Recinos, V","COM2
",incid#=210915024 Completed call disp:NR clr:NR call=32l,,No Report
210915025,09/15/21,09:35,09:38,09:47,,Domestic Viol,PN6,"J-11, San Luis Obispo,",228 HIGH # C;,"Assault, Simple","Stevens, J","4265,4225,4218,S4
","incid#=210915025 A/P DOLLINS,JOSHUA 011378-PC243E1 clr:RTF call=33l","C2 MEDICS, PD ON SCENE, MALE HYPERVENTILATING",Report To Follow
210915026,09/15/21,09:39,09:46,09:47,,Welfare Check,PN9,"K-14, San Luis Obi",362 CALLE LUPITA;,Welfare Check,"Inglehart, B","4208,4205,S4
",(MDC) Completed call incid#=210915026 call=34l,1021 RP,No Report
210915027,09/15/21,09:43,09:43,,,9-1-1 ABANDON,PN5,,,,"Recinos, V","COM2
",incid#=210915027 Completed call disp:NR clr:NR call=36l,IMMEDIATE DISCONNECT - ON CB CALLER ADV ACCIDENTAL,
210915028,09/15/21,09:45,,09:46,,ABAND VEHICLE,PN6,,,,"McCornack, CM","COM3
",incid#=210915028 Completed call clr:RTF oc:ABAN call=38l,MULTI COLORED VAN PARKED ON BIANCHI,
210915029,09/15/21,09:44,09:47,09:55,,Theft,PN5,,,,"Molina, C","4244
",(MDC) Completed call incid#=210915029 call=41l,Wed Sep 15 10:02:14 PDT 2021 / RE-OPENED CALL,
210915030,09/15/21,09:47,09:52,,,Assist Req,PN7,"L-10,",1911 JOHNSON; FRENCH HOSPITAL;,,"Recinos, V","COM2
",incid#=210915030 Completed call disp:CAN clr:CAN call=39l,PATIENT BROUGHT IN TO ER FOR SELF INFLICTED STAB WOUND - PT WAS T,Call Cancelled
210915031,09/15/21,10:02,10:13,10:22,,Trespassing,PN5,"K-09, S",894 MARSH; BARNES AND NOBLE;,,"Magana, M","4238,4255
",incid#=210915031 Completed call clr:FI call=42l,RP IS SECURITY ADV THERE IS A SUBJ INSIDE BARNES AND NOBLES WHO I,Field Interview
210915032,09/15/21,10:05,10:34,10:35,,Trespassing,PN5,"K-08, San Luis Obispo, CA",1041 MILL;,,"Koznek, T.","4218
",(MDC) Completed call incid#=210915032 call=43l,1198 W/RP IN STE 205,Gone on Arrival
210915033,09/15/21,10:07,10:15,10:21,,Disorderly,PN2,"K-07, San Luis Obis",1230 MURRAY # 6;,Disorderly Conduct,"Behrens, J","4205,4214
",(MDC) Completed call incid#=210915033 call=44l,911 ABANDON,Field Interview
210915034,09/15/21,10:11,,16:35,,Information,PN10,"L-14, San Luis Ob",3200 BLK ROCKVIEW;,,"Inglehart, B","4208,4232,4254,4211
",incid#=210915034 Completed call disp:NR clr:NR call=45l,,No Report
210915035,09/15/21,10:14,10:19,10:25,,Theft,PN8,"G-14, San Luis Obispo, C",1351 ROYAL;,,"Molina, C","4244
",(MDC) Completed call incid#=210915035 call=46l,10-21,Report Approved/
210915036,09/15/21,10:29,10:30,,,ABAND VEHICLE,PN1,"H-06, San",CERRO ROMAULDO & JEFFREY;,,"Recinos, V","COM2
",incid#=210915036 Completed call clr:RTF oc:ABAN call=47l,ON CERRO ROMAULDO BLK MERZ CA/ 7DLZ320,Report To Follow
210915037,09/15/21,10:50,10:54,10:54,,Traffic Hazard,PN6,"L-09, San Luis Obispo,",PISMO & TORO;,,"Donovan, M","4255,4238
",incid#=210915037 Completed call disp:NR clr:GOA call=48l,"MALE WALKING ON TORO TWDS PISMO, WAS STEPPING OUT INTO TRAFFIC",Gone on Arrival
210915038,09/15/21,10:59,11:30,12:25,,Parking Problem,PN3,"L-06, San Luis Ob",GRAVES & MCCOLLUM;,Parking Problem,"Barrett, J","42K1
",(MDC) Completed call incid#=210915038 call=50l,VEH'S PARKED BTWN HOPE AND MCCOLLUM ON GRAVES W/OUT PARKING PERMI,No Report
210915039,09/15/21,11:03,11:13,11:26,,Welfare Check,PN8,"G-14, San Luis Obi",1630 TONINI # 10;,,"Behrens, J","4205,4208,S4
",(MDC) Completed call incid#=210915039 call=51l,RP CALLING W/SENIOR NUTRITION PROGRAM FOR SLO COUNTY,No Report
210915040,09/15/21,11:11,11:33,,,Welfare Check,PN12,"L-17, San Luis",SANTA FE & TANK FARM;,,"Shalhoob, T","S4
",incid#=210915040 Completed call disp:NR clr:GOA call=54l,"SUBJ APPEARS TO BE SLEEPING NEAR SIGN FOR PAPER COMPANY, LAYING I",Gone on Arrival
210915041,09/15/21,11:10,11:40,11:52,,Loitering,PN12,"L-17, Sa",612 CLARION; WALLACE GROUP;,,"Sisemore, P","4225
",(MDC) Completed call incid#=210915041 call=53l,"TRANSIENT MALE IN PLOT HAS SET UP CAMP, WAS ASKED TO MOVE ALONG O",Field Interview
210915042,09/15/21,11:14,11:19,11:23,,Welfare Check,PN11,"M-16, San Luis Ob",TANK FARM & BROAD;,,"Shalhoob, T","S4
",(MDC) Completed call incid#=210915042 call=55l,"FEMALE TRANSIENT FACE DOWN ON THE SIDE OF THE ROAD IN DIRT AREA,",Gone on Arrival
210915043,09/15/21,11:17,11:19,,,MENTAL SUBJ,PN12,"I-16, San Luis",3960 HIGUERA S # 47;,,Cancel,"CANCEL
",incid#=210915043 Completed call disp:CAN clr:CAN call=56l,,Call Cancelled
210915044,09/15/21,11:21,11:30,12:16,,POSTING VEHS,PN5,"K-09, San Luis Obispo, CA",HIGUERA;,,"Barrett, J","42K1
",(MDC) Completed call incid#=210915044 call=57l,2 SIGNS FOR 9/16 FROM 1530 - 2130 HRS,No Report
210915045,09/15/21,11:26,11:30,11:55,,Parking Problem,PN3,"L-07, San Luis Obispo,",1661 WILSON;,,"Barrett, J","42K1
",(MDC) Completed call incid#=210915045 call=58l,VEH PARTIALLY BLOCKING DRIVEWAY,Citation
210915046,09/15/21,11:29,11:30,,,9-1-1 ABANDON,PN7,,,,"Recinos, V","COM2
",incid#=210915046 Completed call disp:NR clr:NR call=59l,"IMMEDIATE DISCONNECT - ON CB CALLER ADV ACCIDENTAL, WCB ON BUSN L",
210915047,09/15/21,11:39,11:39,,,9-1-1 ABANDON,PN5,,,,"Recinos, V","COM2
",incid#=210915047 Completed call disp:NR clr:NR call=61l,ACCIDENTAL,
210915048,09/15/21,11:38,,12:12,,Traffic Offense,PN2,L-,165 GRAND; SLO CLASSICAL ACADEMY;,,"Sisemore, P","4225
",incid#=210915048 Completed call disp:NR clr:CIT call=60l,RP REQ EXTRA TRAFFIC ENFORCEMENT DUE TO CP MOVE IN TRAFFIC,Citation
210915049,09/15/21,12:00,,12:01,,Suspicious,PN10,"L-13, San Luis Obis",BROAD & SWEENEY;,,"Alexander, D","4212
",(MDC) Completed call incid#=210915049 call=62l,OCCRD 091321 1530-1600 HRS,Field Interview
210915050,09/15/21,12:03,12:07,12:13,,Medical,PN9,,40 PRADO; HOMELESS SERVICES CENTER;,Medical,"Inglehart, B","4208
",(MDC) Completed call incid#=210915050 call=63l,,Report To Follow
210915051,09/15/21,12:11,12:12,,,ABAND VEHICLE,PN10,"L-13, San Luis O",SWEENEY & ROCKVIEW;,,"Recinos, V","COM2
",incid#=210915051 Completed call clr:RTF oc:ABAN call=65l,PARKED ON SWEENEY,Report To Follow
210915052,09/15/21,12:27,12:39,12:46,,9-1-1 ABANDON,PN2,,,,"Marx, C","4267
",(MDC) Completed call incid#=210915052 call=67l,IMMEDIATE DISCONNECT - ATT TO CB,
210915053,09/15/21,12:30,12:30,,,9-1-1 ABANDON,PN5,,,,"Recinos, V","COM2
",incid#=210915053 Completed call disp:NR clr:NR call=68l,ACCIDENTAL,
210915054,09/15/21,12:34,12:39,13:00,,9-1-1 ABANDON,PN4,"L-08,",1807 CORRALITOS; IN THE AREA;,,"Marx, C","4267
",(MDC) Completed call incid#=210915054 call=69l,IMMEDIATE DISCONNECT - ATT TO CB,No Report
210915055,09/15/21,12:45,12:47,12:56,,Disorderly,PN8,,,,"Stevens, J","4265,S4,4225
",(MDC) Completed call incid#=210915055 call=71l,"MALE YELLING OUTSIDE BUSINESS, THEY HAVE LOCKED THEIR DOORS",
210915056,09/15/21,12:52,,13:10,,9-1-1 ABANDON,PN13,"H-15, San Luis O",1404 AUTO PARK # B;,,"Marx, C","4267
",(MDC) Completed call incid#=210915056 call=74l,"OPEN LINE, SOUNDS LIKE OLDER FEMALE HAVING TROUBLE W/HER PHONE, C",No Report
210915057,09/15/21,12:53,12:58,,,Disorderly,PN5,"K-08, San Luis Obispo,",PEACH & OSOS;,,"Donovan, M","4267,4205,4255,4238
",incid#=210915057 Completed call disp:NR clr:GOA call=75l,,Gone on Arrival
210915058,09/15/21,12:57,13:00,,,9-1-1 ABANDON,PN13,,,,"Recinos, V","COM2
",incid#=210915058 Completed call disp:NR clr:NR call=76l,"OPEN LINE, SOUNDS LIKE SOMEONE IS WALKING",
210915059,09/15/21,12:59,13:12,13:13,,9-1-1 ABANDON,PN5,"K-09, San Luis Obispo,",1001 HIGUERA;,,"Donovan, M","4255,4238
",incid#=210915059 Completed call disp:NR clr:NR oc:-911 call=77l,"911 OPEN LINE, LOUD MUSIC IN BACKGROUND",No Report
210915060,09/15/21,13:10,,13:10,,Traffic Stop,PN13,"G-15, San Luis O",LOVR & FROOM RANCH;,,"Sisemore, P","4225,4265
",incid#=210915060 Completed call disp:NR clr:CIT call=79l,,Citation
210915061,09/15/21,13:14,,13:21,,Trespassing,PN8,G,11573 LOS OSOS VALLEY # D; CENTRA;,,"Stevens, J","4265,4225
",(MDC) Completed call incid#=210915061 call=80l,,Field Interview
210915062,09/15/21,13:15,13:59,14:01,,Trespassing,PN3,,,,"Inglehart, B","4265,4208
",(MDC) Completed call incid#=210915062 call=81l,"MALE SUBJ W/BICYCLE IN DUMPSTER AREA, ALSO FEMALE WITH HIM THAT H",
210915063,09/15/21,13:18,,13:18,,Found Property,PN5,,,,"Molina, C","4244
",(MDC) Completed call incid#=210915063 call=82l,"13:19:39 09/15/2021 - Molina, C",
210915064,09/15/21,13:47,14:08,14:08,,Loitering,PN1,"J-08, San Lu",1001 OLIVE; BUDGET INN;,,"Stevens, J","4265,4208
",(MDC) Completed call incid#=210915064 call=84l,"TRANSIENT MALE SITTING UNDER TREE, CAUSING TROUBLE, RP WOULD LIKE",Gone on Arrival
210915065,09/15/21,13:57,14:13,14:14,,Threatening,PN5,"K-09, San Luis",1090 COURT; SEPHORA;,,"Donovan, M","4255,4238
",incid#=210915065 Completed call disp:NR clr:NR call=85l,10-21,No Report
210915066,09/15/21,14:07,,14:07,,Trespassing,PN13,"I-13, San Luis",222 ELKS; ELKS LODGE;,,"Koznek, T.","4218
",(MDC) Completed call incid#=210915066 call=86l,"14:09:42 09/15/2021 - Koznek, T.",Field Interview
210915067,09/15/21,14:08,14:09,,,9-1-1 ABANDON,PN5,,,,"Recinos, V","COM2
",incid#=210915067 Completed call disp:NR clr:NR call=88l,IMMEDIATE DISCONNECT - ON CB CALLER ADV ACCIDENTAL,
210915068,09/15/21,14:07,14:15,14:23,,Parking Problem,PN1,"J-06, San Luis Obispo, CA",45 CHORRO;,,"Barrett, J","42K1
",(MDC) Completed call incid#=210915068 call=87l,VEH PARKED IN PERMITTED AREA W/NO PERMIT,Citation
210915069,09/15/21,14:10,,,,Found Property,PN5,"K-09, San Luis Ob",853 HIGUERA; VANS;,,"Inglehart, B","E3,42K1,4208
",incid#=210915069 Completed call clr:RTF call=90l,FOUND WALLET,Report To Follow
210915070,09/15/21,14:08,,14:35,,Suspicious,PN13,"I-13, San Luis",222 ELKS; ELKS LODGE;,,"Koznek, T.","4218,4205
",(MDC) Completed call incid#=210915070 call=89l,"HOOD OF VEHICLE WAS UP, MALE STARTED ACTING STRANGE AROUND THE VE",Gone on Arrival
210915071,09/15/21,14:12,,14:12,,Trespassing,PN10,L-11,RR TRACKS AT END OF ROUNDHOUSE;,,"Sisemore, P","4225
",(MDC) Completed call incid#=210915071 call=91l,"14:14:13 09/15/2021 - Sisemore, P",Field Interview
210915072,09/15/21,14:12,14:21,14:23,,Theft,PN7,M-,2916 AUGUSTA; PARK HIGHLAND APTS;,Theft of Bicycle,"Molina, C","4244
",(MDC) Completed call incid#=210915072 call=92l,10-21,Report Approved/
210915073,09/15/21,14:19,14:24,14:28,,Loitering,PN5,"J-10, Sa",570 HIGUERA # 105; MISTURA;,,"Magana, M","4238,4255
",incid#=210915073 Completed call call=93l,TRANSIENT MALE REFUSING TO LEAVE,Field Interview
210915074,09/15/21,14:21,14:26,,,9-1-1 ABANDON,PN5,,,,"Recinos, V","COM2
",incid#=210915074 Completed call disp:NR clr:NR call=94l,"OPEN LINE, CONVERSATION HEARD IN THE BACKGROUND, WILL DISCONNECT",
210915075,09/15/21,14:32,,14:32,,Trespassing,PN9,I,255 ELKS; SUNSET DRIVE IN THEATER;,,"Koznek, T.","4218
",(MDC) Completed call incid#=210915075 call=95l,"14:41:38 09/15/2021 - Koznek, T.",Field Interview
210915076,09/15/21,14:36,14:37,14:42,,Assist Req,PN5,,,,"Bravo, D","4250
",incid#=210915076 Completed call disp:ACT clr:RTF call=104l,1021 RP,
210915077,09/15/21,14:40,14:55,14:55,,Loitering,PN13,"I-13, San Luis",201 MADONNA; RALPHS;,,"Shalhoob, T","S4
",(MDC) Completed call incid#=210915077 call=97l,RP IS A PASSERBY,No Report
210915078,09/15/21,14:46,14:46,,,9-1-1 ABANDON,PN5,,,,"Recinos, V","COM2
",incid#=210915078 Completed call disp:NR clr:NR call=98l,IMMEDIATE DISCONNECT - ON CB CALLER ADV ACCIDENTAL,
210915079,09/15/21,14:48,,14:48,,Traffic Hazard,PN7,"L-10, San Luis Obisp",JOHNSON & ELLA;,,"Booth, J","S1
",incid#=210915079 Completed call disp:NR clr:NR call=99l,"14:48:47 09/15/2021 - McCornack, CM - From: Booth, J",No Report
210915080,09/15/21,14:58,15:45,15:50,,Trespassing,PN6,"J-11, San Luis Obispo,",2078 PARKER;,,"Behrens, J","4205
",(MDC) Completed call incid#=210915080 call=100l,FEMALE IN PLOT TRESPASSING ON PROP AND UPSETTING A TENANTS WHO HA,Gone on Arrival
210915081,09/15/21,15:14,15:38,16:01,,Theft,PN13,,TRAILHEAD CERRO SAN LUIS FERNANDEZ;,"Theft, Property, Other","Stevens, J","4265
",(MDC) Completed call incid#=210915081 call=101l,1198 W/RP IFO TARGET,Report To Follow
210915082,09/15/21,15:19,15:22,15:30,,Weapon Offense,PN10,"J-12, San",11 HIGUERA; RANGE MASTER;,Destruct/Damage/Vandalize Prop,"Marx, C","4267,S4,4265,4238
",(MDC) Completed call incid#=210915082 call=102l,"MALE JUMPED IFO VEH AND HAD A KNIFE, SAID ""STOP THE CAR""",No Report
210915083,09/15/21,15:57,,16:02,,Disorderly,PN5,"J-09, San Luis Obi",BROAD & MONTEREY;,,"Behrens, J","4255,4238,4205
",(MDC) Completed call incid#=210915083 call=106l,MALE IN WOMENS PUBLIC BATHROOM SCREAMING/YELLING,Gone on Arrival
210915084,09/15/21,16:17,,16:17,,Traffic Offense,PN5,"K-08, San Luis Obispo,",OSOS & MILL;,,"Behrens, J","4205
",(MDC) Completed call incid#=210915084 call=108l,"16:19:48 09/15/2021 - Behrens, J",Field Interview
210915085,09/15/21,16:20,16:50,16:58,,MC-CAMPING,PN6,"L-09, San Luis Obispo,",1440 JOHNSON;,,"Marx, C","4267,4205
",(MDC) Completed call incid#=210915085 call=109l,TRANSIENT CAMP THAT HAS BEEN PREVIOUSLY CLEARED OUT HAS RETURNED,No Report
210915086,09/15/21,16:21,16:27,,,9-1-1 ABANDON,PN5,"K-09, San",859 MARSH; MASONIC TEMPLE;,,"McCornack, CM","COM3
",incid#=210915086 Completed call disp:NR clr:NR oc:-911 call=110l,16:21:37 09/15/2021 - VERIZON WIRELESS @ SLSO,No Report
210915087,09/15/21,16:14,16:26,,,Welfare Check,PN8,"G-13, San Luis Obispo,",1245 LAGUNA;,,"Marx, C","4267,4208,4225
",incid#=210915087 Completed call disp:CAN clr:CAN call=107l,,Call Cancelled
210915088,09/15/21,16:33,16:36,16:37,,Noise Other,PN8,"H-14, San Luis Obis",1130 ATASCADERO;,,"Bravo, D","4250
",(MDC) Completed call incid#=210915088 call=111l,1021 RP,No Report
210915089,09/15/21,16:35,16:37,,,9-1-1 ABANDON,PN5,"K-09, San",1050 MONTEREY; COURTHOUSE;,,"Recinos, V","COM2
",incid#=210915089 Completed call disp:NR clr:NR call=112l,"IMMEDIATE DISCONNECT - ON CB CALLER ADV ACCIDENTAL, WCB ON BUSN L",No Report
210915090,09/15/21,16:52,,,,9-1-1 ABANDON,LZ0,674,4388 SANTA FE; TRUSCO TANK INC;,,,"SLSO
",,"OPEN LINE, CONVERSATION HEARD, SOUNDS C4 - WILL DISCONNECT AND AT",No Report
210915091,09/15/21,16:55,17:07,,,Suspicious,PN12,"I-17, San Luis Obispo",38 CHUPARROSA;,,"Recinos, V","COM2
",incid#=210915091 Completed call disp:CAN clr:CAN call=115l,"17:07:49 09/15/2021 - Recinos, V",Call Cancelled
210915092,09/15/21,16:55,16:56,17:02,,Trespassing,PN6,L-10; U:16,1020 RAILROAD; CAFE ROMA;,,"Sisemore, P","4225,4265
",(MDC) Completed call incid#=210915092 call=116l,"HF TRANSIENT WEARING HAT, GRY/BRO SWEATER AND FLIP FLOPS CAUSING",Gone on Arrival
210915093,09/15/21,17:09,,17:32,,Suspicious,PN13,,,,"Marx, C","4267,4265
",(MDC) Completed call incid#=210915093 call=117l,"RP SAW MALE SUBJ TAKE KNIFE FROM LOCKED AREA, TEAR OFF PACKAGE AN",
210915094,09/15/21,17:11,,17:13,,ABAND VEHICLE,PN2,"J-06, San Lui",BOYSEN & SANTA ROSA N;,,"McCornack, CM","COM3
",incid#=210915094 Completed call clr:RTF oc:ABAN call=118l,4 VEHS HAVE SET UP CAMP ON STREET,Report To Follow
210915095,09/15/21,17:27,17:36,,,9-1-1 ABANDON,PN7,"M-12, San Luis Obispo,",2747 AUGUSTA;,,"Recinos, V","COM2
",incid#=210915095 Completed call disp:NR clr:NR call=121l,"OPEN LINE, CAN HEAR CHILD ON THE PHONE BUT BAD CONNECTION - WILL",No Report
210915096,09/15/21,17:37,17:47,17:51,,Suspicious,PN13,"I-13, San Luis Obi",243 MADONNA; DSW;,,"Marx, C","4267
",(MDC) Completed call incid#=210915096 call=123l,2ND HAND INFO TO RP FROM A COUPLE DIFF'T CUSTOMERS,No Report
210915097,09/15/21,18:20,18:21,,,ABAND VEHICLE,PN1,I-0,510 CERRO ROMAULDO; THROOP PARK;,,"Recinos, V","COM2
",incid#=210915097 Completed call clr:RTF oc:ABAN call=124l,HORSE TRAILER,Report To Follow
210915098,09/15/21,18:24,18:24,,,Alarm Audible,PN12,,,,"Marx, C","4267,4265
",incid#=210915098 Completed call disp:CAN clr:CAN call=125l,FRONT ENTRY MOTION,
210915099,09/15/21,18:32,18:37,,,9-1-1 ABANDON,PN3,"L-07, San Luis Obispo",470 GRAND # A;,,"McCornack, CM","COM3
",incid#=210915099 Completed call disp:NR clr:NR oc:-911 call=126l,911 HANG UP,No Report
210915100,09/15/21,18:51,19:27,19:44,,Loitering,PN3,,1670 MONTEREY; VILLA SAN LUIS MOTEL;,,"Peck, D","4259,4253
",incid#=210915100 Completed call disp:NR clr:GOA call=128l,ON MONTEREY,Gone on Arrival
210915101,09/15/21,19:21,19:26,19:34,,Disorderly,PN2,"J-07, San Luis",190 SANTA ROSA; SRP;,,"Warner, H","4260,4246
",(MDC) Completed call incid#=210915101 call=129l,415 VERBAL HEARD FROM INSIDE MH,No Report
210915102,09/15/21,19:24,,19:24,,9-1-1 ABANDON,PN5,,,,"Mercer, K","COM6
",incid#=210915102 Completed call disp:NR clr:NR call=131l,"IMMEDIATE HANG UP, CB NOW",
210915103,09/15/21,19:22,,19:27,,Assist Req,PN1,"I-06, San Luis Obi",555 RAMONA # 141;,,"Owens, J","COM5
",incid#=210915103 Completed call disp:NR clr:NR call=130l,,No Report
210915104,09/15/21,19:32,19:41,19:46,,Loitering,PN8,,,,"Stahnke, A","4206
",(MDC) Completed call incid#=210915104 call=132l,MAN SLEEPING ON SIDEWALK IN SLEEPING BAG WITH POSSESSIONS NEXT TO,
210915105,09/15/21,19:49,19:57,20:08,,Parking Problem,PN6,"K-10, San Luis Obispo, C",1530 BROAD;,,"Newton, J","4246
",incid#=210915105 Completed call disp:NR clr:NV call=133l,SUV PARTIALLY BLOCKING DRIVEWAY AND IN A RED ZONE THAT NEIGHBOR P,Negative Violati
210915106,09/15/21,20:06,,20:06,,Traffic Stop,PN10,"K-12, San Luis Obispo",BROAD & SOUTH;,,"Pelletier, J","4253,4259,4206
",incid#=210915106 Completed call call=134l,MC NO PLATE/ BROAD/SB- FAIL TO YIELD NB ON BROAD 70MPH,No Report
210915107,09/15/21,20:14,,20:15,,9-1-1 ABANDON,PN5,,,,"Owens, J","COM5
",incid#=210915107 Completed call disp:NR clr:NR call=137l,"IMMEDIATE DISCONNECT, ON CB THE CALLER IS SPANISH SPEAKING ONLY B",
210915108,09/15/21,20:13,,20:16,,9-1-1 ABANDON,PN5,,,,"Owens, J","COM5
",incid#=210915108 Completed call disp:NR clr:NR call=136l,"IMMEDIATE DISCONNECT, ON CB THE CALLER ADVISED ACCIDENTAL",
210915109,09/15/21,20:27,20:30,20:38,,Disorderly,PN5,"J-09, San Luis Obispo,",1027 NIPOMO;,Disturbing the Peace,"Stahnke, A","4206,4246
",(MDC) Completed call incid#=210915109 call=140l,IN PLOT,No Report
210915110,09/15/21,20:36,,20:40,,9-1-1 ABANDON,PN7,M-1,2180 JOHNSON; MENTAL HEALTH CSU;,,"Owens, J","COM5
",incid#=210915110 Completed call disp:NR clr:NR call=141l,SLSO DROPPED OFF SOMEONE AT CSU ENTRANCE AND SHE IS NOW STRIPPING,No Report
210915111,09/15/21,20:44,20:52,20:58,,Suspicious,PN7,"N-16, San Luis Obispo",4193 HILLSIDE;,,"Peck, D","4259,4253
",incid#=210915111 Completed call disp:NR clr:NR call=142l,"NEW HOUSES UNDER CONSTRUCTION, APPEARS THAT THERE ARE PEOPLE INSI",No Report
210915112,09/15/21,20:52,,20:54,,9-1-1 ABANDON,PN5,,,,"Owens, J","COM5
",incid#=210915112 Completed call disp:NR clr:NR call=143l,"IMMEDIATE DISCONNECT, ON CB THE CALLER ADVISED SHE IS C4. SHOPPIN",
210915113,09/15/21,20:55,,21:00,,9-1-1 ABANDON,PN13,"G-15, San",1540 FROOM RANCH; COSTCO;,,"Owens, J","COM5,,4253
",,"OPEN LINE, NOTHING HEARD ON BACKGROUND",No Report
210915114,09/15/21,21:26,,21:27,,Disorderly,PN5,"K-09, Sa",1023 MONTEREY; SHINS SUSHI;,,"Owens, J","COM5
",incid#=210915114 Completed call disp:NR clr:NR call=145l,"415P WAS OCCURRING, BUT AS CALL WAS BEING BUILT THE RP SAID THEY",No Report
210915115,09/15/21,21:28,,21:29,,,,J-05; U:,CP BLDG 116 JESPERSEN HALL;,,"Owens, J","COM5
",incid#=210915115 Completed call disp:NR clr:NR call=146l,"IMMEDIATE DISCONNECT, ON CB THE CALLER ADVISED HE WAS C4 AND IT W",No Report
210915116,09/15/21,21:37,21:40,21:49,,Suspicious,PN4,"L-09, San Luis Obispo,",1697 FIXLINI;,,"Warner, H","4260,4206
",incid#=210915116 Completed call disp:NR clr:UTL call=148l,2 PEOPLE ARE OUTSIDE BACK DOOR,Unable to Locate
210915117,09/15/21,21:31,,21:40,,Disorderly,PN5,"K-09, Sa",1023 MONTEREY; SHINS SUSHI;,,"Peck, D","4259,4253
",incid#=210915117 Completed call disp:NR clr:GOA call=147l,IMMEDIATE DISCONNECT,Gone on Arrival
210915118,09/15/21,21:45,21:47,21:57,,Animal Problem,PN6,"L-10, San Luis Obispo, CA",1814 OSOS;,Animal Problem,"Mangskau, N","P1,P1
",(MDC) Completed call incid#=210915118 call=150l,"DOG BARKING, ON GOING ISSUE",Negative Violati
210915119,09/15/21,21:44,21:56,22:07,,Medical,PN5,"J-09, San Luis Obispo,",630 MONTEREY;,,"Newton, J","4246,4259
",(MDC) Completed call incid#=210915119 call=149l,C3 UNK MEDICAL ON MONTEREY SIDE,No Report
210915120,09/15/21,21:57,21:59,22:08,,Noise Party,PN7,"M-11, San Luis Obispo,",2505 AUGUSTA;,Noise Party,"Mangskau, N","P1,P1
","(MDC) DAC- SMALL, NATHAN EDWARD. 15, NO ALC, CP. incid#=210915120","LOUD PEOPLE/PARTY, SPILLING OUTSIDE OF RESIDENCE",Disturbance Adv
210915121,09/15/21,21:59,22:06,22:08,,Trespassing,PN8,"G-14, San Luis Ob",1300 MADONNA; CVS;,,"Peck, D","4259,4253,S7
",(MDC) Completed call incid#=210915121 call=152l,TO REAR BY LOADING DOCK,Field Interview
210915122,09/15/21,22:10,,22:11,,Noise Party,PN1,"I-05, San Luis Obispo, C",625 CUESTA;,,"Mangskau, N","P1,P1
","(MDC) DAC- WURTZ, CASSIDY MCKENNA. 2, NO ALC, N/A. incid#=210915122",PPX,Disturbance Adv
210915123,09/15/21,22:14,,22:23,,Assist Req,PN7,"L-10,",1911 JOHNSON; FRENCH HOSPITAL;,Agency Assist,"Newton, J","4246
",(MDC) Completed call incid#=210915123 call=155l,,Unable to Locate
210915124,09/15/21,22:23,,22:27,,Disorderly,PN8,"F-15, San",1651 SPOONER; DEVAUL PARK;,,"Pelletier, J","4253,4259
",incid#=210915124 Completed call disp:NR clr:NR call=156l,,No Report
210915125,09/15/21,22:27,,22:27,,Suspicious,PN5,J-0,728 HIGUERA; FROG AND PEACH PUB;,,"Kemp, C","S7,4260,4206,4246
",incid#=210915125 Completed call disp:NR clr:NR call=157l,"22:28:52 09/15/2021 - Mercer, K - From: Kemp, C",No Report
210915126,09/15/21,22:36,22:39,22:46,,Alarm Audible,PN8,"G-13, San Luis Obisp",1308 OCEANAIRE;,Alarm,"Warner, H","4260,4246
",(MDC) Completed call incid#=210915126 call=158l,,ALARM MALFUNCTIO
210915127,09/15/21,22:42,22:45,22:50,,9-1-1 ABANDON,PN2,"K-06, San Luis Obispo,",132 HATHWAY;,,"Stahnke, A","4206
",(MDC) Completed call incid#=210915127 call=159l,"OPEN LINE, SOUNDS LIKE A PARTY",No Report
210915128,09/15/21,22:46,,22:53,,Public Works,PN11,"M-14, San Luis Obispo",840 CORIANDER;,,"Owens, J","COM5
",incid#=210915128 Completed call disp:NR clr:NR call=160l,AT MAIN ENTRANCE TO ASSOCIATION,No Report
210915129,09/15/21,22:09,22:55,23:00,,Parking Problem,PN1,"I-07, San Luis",90 PALOMAR; AREA OF;,,"Mangskau, N","P1,P1
",(MDC) Completed call incid#=210915129 call=153l,"PER RP, THERE ARE MULTIPLE VEHS WITHOUT A PERMIT PARKED IN LIMITE",Citation
210915130,09/15/21,23:12,,23:15,,Citizen Dispute,PN5,"J-10, San Luis Obispo, CA",460 DANA;,Intoxicated Person,"Peck, D","4253,4260,4259,S7
","incid#=210915130 AP/DUKES, BENJAMIN 092597 PC647(F), HS11364 clr:RTF",SISTERS EXBF JUST CAME OVER UNINVITED AND WILL NOT LEAVE,Report Approved/
210915131,09/15/21,23:17,23:18,23:24,,Suspicious,PN4,"L-09, San Luis Obispo,",1697 FIXLINI;,,"Newton, J","4246,4206
",(MDC) Completed call incid#=210915131 call=162l,"RP BACK ON 911, SAYS THERE IS NOW SOMEONE TRYING TO GET INTO SLID",No Report
210915132,09/15/21,23:41,23:52,00:00,,Suspicious,PN8,"F-15, San Luis Obispo, CA",1519 ETO;,,"Stahnke, A","4206,4260
",(MDC) Completed call incid#=210915132 call=163l,"MAN WALKING AROUND NHOOD, RP HAS BEEN WORKING IN GARAGE WITH DOOR",Gone on Arrival
210915133,09/15/21,23:53,23:56,00:01,,Noise Party,PN2,"K-07, San Luis",HATHWAY & MONTALBAN;,,"Mangskau, N","P1,P1
",(MDC) Completed call incid#=210915133 call=164l,ON HATHWAY,Unable to Locate
210915500,09/15/21,11:11,,,,,,,,,"CUDWORTH, R",,,,
210915501,09/15/21,10:57,,,,,,,,,"CUDWORTH, R",,,,
210916001,09/16/21,00:05,,00:17,,Information,PN7,"L-12, San",2423 BOULEVARD DEL CAMPO;,,"Owens, J","COM5
",incid#=210916001 Completed call disp:NR clr:NR call=1l,,No Report
210916002,09/16/21,01:15,,01:15,,Public Works,PN3,"L-06, San Luis O",GRAND & FREDERICKS;,,"Stahnke, A","4206
",incid#=210916002 Completed call disp:NR clr:NR call=3l,"01:16:22 09/16/2021 - Mercer, K - From: Stahnke, A",No Report
210916003,09/16/21,01:44,01:47,01:53,,Suspicious,PN2,K-07,KENTUCKY & STAFFORD; GRID K-06;,,"Peck, D","4206,4253,4259
",incid#=210916003 Completed call disp:NR clr:GOA call=4l,GROUP OF GUYS JUST BROKE A BUNCH OF GLASS IN THE INTERSECTION AND,Gone on Arrival
210916004,09/16/21,02:18,,02:18,,Traffic Stop,PN3,"L-07, San Lu",2000 MONTEREY; CHEVRON;,Controlled Substance/Possesson,"Peck, D","4259,4260
",incid#=210916004 Completed call clr:RTF call=7l,"02:21:33 09/16/2021 - Mercer, K - From: Peck, D",Report Approved/
210916005,09/16/21,02:39,02:46,02:54,,Loitering,PN12,"M-16,",4021 BROAD; EDNA VALLEY SHELL;,,"Pelletier, J","4253,4206
",(MDC) Completed call incid#=210916005 call=8l,"FEMALE SLEEPING IN VEH WITH HER DOG, WILL NOT LEAVE. RP HAS ASKED",No Report
210916006,09/16/21,02:47,,02:57,,9-1-1 ABANDON,PN6,"K-09, San Luis Obispo, C",1145 PISMO;,,"Owens, J","COM5
",incid#=210916006 Completed call disp:NR clr:NR call=9l,911 ABAN FROM SLSO,No Report
210916007,09/16/21,05:25,05:31,05:34,,Welfare Check,PN10,,,,"Peck, D","4259,4260
",(MDC) Completed call incid#=210916007 call=12l,,
210916008,09/16/21,06:07,06:11,06:15,,MUNI CODE VIOL,PN2,"J-06, San Lui",BOYSEN & SANTA ROSA N;,,"Pelletier, J","4253,4206
",incid#=210916008 Completed call disp:NR clr:NR call=13l,MULTI VEHS SETTING UP WITH PEOPLE SLEEPING OVERNIGHT ON BOYSEN AL,No Report
210916009,09/16/21,06:43,06:53,,,Loitering,PN10,"L-13, San Luis Obispo, C",2747 BROAD;,,Cancel,"CANCEL
",incid#=210916009 Completed call disp:CAN clr:CAN call=14l,RP ADVISES THERE IS A TRANS MALE WHO IS THIN WITH PERSONAL ON THE,Call Cancelled
210916010,09/16/21,06:47,,06:47,,Suspicious,PN12,"I-17, S",3985 HIGUERA S; FOOD 4 LESS;,,"Peck, D","4259
",(MDC) Completed call incid#=210916010 call=15l,"06:54:56 09/16/2021 - Recinos, V - From: Peck, D",Report To Follow
